language,id,text,file,node,lineNumber,lock,comment
pt,line:0b9a93b,"Ian: Eu trouxe vários filmes pra gente poder escolher,",C:\Users\Debs\Casulo-Indie_GIT\4Seasons\Assets\_Sources\Dialogue\Yarn\Files\Casa.yarn,Start,8,bb35d325,
pt,line:091918c,Ian: maaas eu acho que eu sou o com o melhor gosto.,C:\Users\Debs\Casulo-Indie_GIT\4Seasons\Assets\_Sources\Dialogue\Yarn\Files\Casa.yarn,Start,11,dbd111b0,
pt,line:0fbb18f,"Melissa: Ai tá bom Ian, tu sempre diz isso.",C:\Users\Debs\Casulo-Indie_GIT\4Seasons\Assets\_Sources\Dialogue\Yarn\Files\Casa.yarn,Start,14,cc5c8e05,
pt,line:079a72d,Ian: Não é minha culpa se é verdade e vocês não sabem apreciar o meu ótimo gosto.,C:\Users\Debs\Casulo-Indie_GIT\4Seasons\Assets\_Sources\Dialogue\Yarn\Files\Casa.yarn,Start,17,9d6ed960,
pt,line:0ebeced,Lucas: Da última que você escolheu a gente assistiu um filme esquistito.,C:\Users\Debs\Casulo-Indie_GIT\4Seasons\Assets\_Sources\Dialogue\Yarn\Files\Casa.yarn,Start,20,92088342,
pt,line:0291c79,Lucas: Aquele dos alienígenas que falavam “yatataya”,C:\Users\Debs\Casulo-Indie_GIT\4Seasons\Assets\_Sources\Dialogue\Yarn\Files\Casa.yarn,Start,23,b2367f7b,
pt,line:082c775,Ian: Você disse que gostou do Júpiter ataca!,C:\Users\Debs\Casulo-Indie_GIT\4Seasons\Assets\_Sources\Dialogue\Yarn\Files\Casa.yarn,Start,26,f9c695f3,
pt,line:075180d,"Lucas: Não é ruim, só é estranho.",C:\Users\Debs\Casulo-Indie_GIT\4Seasons\Assets\_Sources\Dialogue\Yarn\Files\Casa.yarn,Start,29,ffb5760d,
pt,line:0985616,"Sabrina: Por mais que eu goste muito, acho que chega de ficção científica.",C:\Users\Debs\Casulo-Indie_GIT\4Seasons\Assets\_Sources\Dialogue\Yarn\Files\Casa.yarn,Start,31,1a138c42,Line metadata: emotion:Normal
pt,line:09e02d9,Sabrina: Não ataque os filmes do Ian! Eles são os melhores.,C:\Users\Debs\Casulo-Indie_GIT\4Seasons\Assets\_Sources\Dialogue\Yarn\Files\Casa.yarn,Start,36,bc62cbd5,Line metadata: emotion:Happy
pt,line:0b37ec2,"Melissa: Sem filmes de et, por favor.",C:\Users\Debs\Casulo-Indie_GIT\4Seasons\Assets\_Sources\Dialogue\Yarn\Files\Casa.yarn,Start,43,26230975,
pt,line:0b7e227,Melissa: Vamos ver algo com mistério e sei lá um assassino e detetives.,C:\Users\Debs\Casulo-Indie_GIT\4Seasons\Assets\_Sources\Dialogue\Yarn\Files\Casa.yarn,Start,46,f76a2b02,
pt,line:08ae892,"Lucas: Sem essa, Mel!",C:\Users\Debs\Casulo-Indie_GIT\4Seasons\Assets\_Sources\Dialogue\Yarn\Files\Casa.yarn,Start,49,b14db04e,
pt,line:0ea347f,Lucas: Esses filmes me dão medo.,C:\Users\Debs\Casulo-Indie_GIT\4Seasons\Assets\_Sources\Dialogue\Yarn\Files\Casa.yarn,Start,52,c3e7ad51,
pt,line:0580a0f,"Ian: Ah, fala sério Lucas!",C:\Users\Debs\Casulo-Indie_GIT\4Seasons\Assets\_Sources\Dialogue\Yarn\Files\Casa.yarn,Start,55,cc6c26f3,
pt,line:0fb2e6a,Melissa: Ei! Sem zombar do meu namorado!,C:\Users\Debs\Casulo-Indie_GIT\4Seasons\Assets\_Sources\Dialogue\Yarn\Files\Casa.yarn,Start,58,00dbd892,
pt,line:043e6c8,"Melissa: Você não tem medinho de filme mesmo, né?",C:\Users\Debs\Casulo-Indie_GIT\4Seasons\Assets\_Sources\Dialogue\Yarn\Files\Casa.yarn,Start,59,f832e352,
pt,line:02a5671,"Sabrina: Eu tô com o Lucas, sem filmes de medo!",C:\Users\Debs\Casulo-Indie_GIT\4Seasons\Assets\_Sources\Dialogue\Yarn\Files\Casa.yarn,Start,61,49d8e324,Line metadata: emotion:Angry
pt,line:0ca252b,"Sabrina: Não sou fã, mas se todo mundo quiser a gente pode ver um assim.",C:\Users\Debs\Casulo-Indie_GIT\4Seasons\Assets\_Sources\Dialogue\Yarn\Files\Casa.yarn,Start,66,a6ad29f7,Line metadata: emotion:Normal
pt,line:0cfe6aa,"Melissa: Luke, o que tu quer assistir?",C:\Users\Debs\Casulo-Indie_GIT\4Seasons\Assets\_Sources\Dialogue\Yarn\Files\Casa.yarn,Start,73,d2a09af4,
pt,line:092802b,Lucas: A gente podia assistir Madre mia!,C:\Users\Debs\Casulo-Indie_GIT\4Seasons\Assets\_Sources\Dialogue\Yarn\Files\Casa.yarn,Start,76,4d1bdd57,
pt,line:02b05de,Ian: Nem fodendo!,C:\Users\Debs\Casulo-Indie_GIT\4Seasons\Assets\_Sources\Dialogue\Yarn\Files\Casa.yarn,Start,79,97a510ff,
pt,line:06e56e2,Ian: A gente já assistiu esse filme um bilhão de vezes!,C:\Users\Debs\Casulo-Indie_GIT\4Seasons\Assets\_Sources\Dialogue\Yarn\Files\Casa.yarn,Start,82,a45b3f5c,
pt,line:0775145,"Melissa: Realmente, quantas vezes tu sozinho já viu esse?",C:\Users\Debs\Casulo-Indie_GIT\4Seasons\Assets\_Sources\Dialogue\Yarn\Files\Casa.yarn,Start,85,991f40dc,
pt,line:0439025,Lucas: Não vem ao caso.,C:\Users\Debs\Casulo-Indie_GIT\4Seasons\Assets\_Sources\Dialogue\Yarn\Files\Casa.yarn,Start,88,05ca188b,
pt,line:0ee77ea,Ian: Se ficar nessa eu vou escolher um aleatório.,C:\Users\Debs\Casulo-Indie_GIT\4Seasons\Assets\_Sources\Dialogue\Yarn\Files\Casa.yarn,Start,91,22d49b5b,
pt,line:0307821,Ian: Pode ser que venha um filme de criancinha!,C:\Users\Debs\Casulo-Indie_GIT\4Seasons\Assets\_Sources\Dialogue\Yarn\Files\Casa.yarn,Start,94,1311ed25,
pt,line:0ea47c1,"Melissa: Calma ai, Ian!",C:\Users\Debs\Casulo-Indie_GIT\4Seasons\Assets\_Sources\Dialogue\Yarn\Files\Casa.yarn,Start,97,c479e625,
pt,line:03bf585,"Melissa: Sabrina, o que tu acha que a gente deveria assistir?",C:\Users\Debs\Casulo-Indie_GIT\4Seasons\Assets\_Sources\Dialogue\Yarn\Files\Casa.yarn,Start,100,e1abf6bc,
pt,line:003a1bb,"Lucas: Foi tão legal, que bom que a gente viu esse.",C:\Users\Debs\Casulo-Indie_GIT\4Seasons\Assets\_Sources\Dialogue\Yarn\Files\Feedback1.yarn,Feedback_Corajoso_Event1,6,7a3af73d,
pt,line:026f6ed,"Ian: Pois é, gostei também.",C:\Users\Debs\Casulo-Indie_GIT\4Seasons\Assets\_Sources\Dialogue\Yarn\Files\Feedback1.yarn,Feedback_Corajoso_Event1,9,a1bd5966,
pt,line:069b869,"Ian: Aprendeu comigo a escolher um bom filme, né Brina?",C:\Users\Debs\Casulo-Indie_GIT\4Seasons\Assets\_Sources\Dialogue\Yarn\Files\Feedback1.yarn,Feedback_Corajoso_Event1,12,92d7d537,
pt,line:0a15d0d,Sabrina: Viu? Cê não é o único que sabe de filme,C:\Users\Debs\Casulo-Indie_GIT\4Seasons\Assets\_Sources\Dialogue\Yarn\Files\Feedback1.yarn,Feedback_Corajoso_Event1,15,b2a3aadd,
pt,line:0b0f676,"Melissa: Foi legal, mas podia ser mais empolgante.",C:\Users\Debs\Casulo-Indie_GIT\4Seasons\Assets\_Sources\Dialogue\Yarn\Files\Feedback1.yarn,Feedback_Corajoso_Event1,18,ae591dfd,
pt,line:05a8fe0,Melissa: Próxima vez eu que escolho.,C:\Users\Debs\Casulo-Indie_GIT\4Seasons\Assets\_Sources\Dialogue\Yarn\Files\Feedback1.yarn,Feedback_Corajoso_Event1,21,c5f234e6,
pt,line:0331e3e,"Lucas: Não não, você vai escolher um que dá medo!",C:\Users\Debs\Casulo-Indie_GIT\4Seasons\Assets\_Sources\Dialogue\Yarn\Files\Feedback1.yarn,Feedback_Corajoso_Event1,24,87b96fe2,
pt,line:0791c11,Melissa: Tu pode segurar minha mão durante o filme.,C:\Users\Debs\Casulo-Indie_GIT\4Seasons\Assets\_Sources\Dialogue\Yarn\Files\Feedback1.yarn,Feedback_Corajoso_Event1,27,41eb189e,
pt,line:091badd,"Ian: Sendo um filme bom, você escolhe o que quiser.",C:\Users\Debs\Casulo-Indie_GIT\4Seasons\Assets\_Sources\Dialogue\Yarn\Files\Feedback1.yarn,Feedback_Corajoso_Event1,30,36b55d36,
pt,line:0c79c44,Sabrina: Só não algo super assustador.,C:\Users\Debs\Casulo-Indie_GIT\4Seasons\Assets\_Sources\Dialogue\Yarn\Files\Feedback1.yarn,Feedback_Corajoso_Event1,33,eb857f7c,
pt,line:064b04b,Melissa: Fechou então! Próxima vez a gente vê um filme meu.,C:\Users\Debs\Casulo-Indie_GIT\4Seasons\Assets\_Sources\Dialogue\Yarn\Files\Feedback1.yarn,Feedback_Corajoso_Event1,36,a73702c1,
pt,line:0d6d9bd,Lucas: Vou ter que me esconder embaixo das cobertas.,C:\Users\Debs\Casulo-Indie_GIT\4Seasons\Assets\_Sources\Dialogue\Yarn\Files\Feedback1.yarn,Feedback_Corajoso_Event1,39,f7fa5093,
pt,line:0979623,"Melissa: Foi incrível! Ótima escolha, Sabrina!",C:\Users\Debs\Casulo-Indie_GIT\4Seasons\Assets\_Sources\Dialogue\Yarn\Files\Feedback1.yarn,Feedback_NCorajoso_Event1,47,035b49c7,
pt,line:05ed566,Ian: Os efeitos especiais desse filme são muito bons!,C:\Users\Debs\Casulo-Indie_GIT\4Seasons\Assets\_Sources\Dialogue\Yarn\Files\Feedback1.yarn,Feedback_NCorajoso_Event1,50,eaeb2b3d,
pt,line:064d1d4,Lucas: A gente podia ter visto um filme mais leve né gente?,C:\Users\Debs\Casulo-Indie_GIT\4Seasons\Assets\_Sources\Dialogue\Yarn\Files\Feedback1.yarn,Feedback_NCorajoso_Event1,53,ee0b789c,
pt,line:0014ec4,"Sabrina: Desculpa Luke, mas o filme até que foi legal.",C:\Users\Debs\Casulo-Indie_GIT\4Seasons\Assets\_Sources\Dialogue\Yarn\Files\Feedback1.yarn,Feedback_NCorajoso_Event1,56,6fb903e2,
pt,line:089357e,"Ian: Você apertou meu braço uma hora porque levou susto, sua medrosa!",C:\Users\Debs\Casulo-Indie_GIT\4Seasons\Assets\_Sources\Dialogue\Yarn\Files\Feedback1.yarn,Feedback_NCorajoso_Event1,59,ef1f92ff,
pt,line:047da8b,"Sabrina: Eu não fiz isso! Eu não lembro, não aconteceu!",C:\Users\Debs\Casulo-Indie_GIT\4Seasons\Assets\_Sources\Dialogue\Yarn\Files\Feedback1.yarn,Feedback_NCorajoso_Event1,62,bc5b41f2,
pt,line:0632209,"Lucas: Na próxima vamos ver algo mais tranquilo, por favor.",C:\Users\Debs\Casulo-Indie_GIT\4Seasons\Assets\_Sources\Dialogue\Yarn\Files\Feedback1.yarn,Feedback_NCorajoso_Event1,65,c1ed3f16,
pt,line:08b696b,Melissa: A gente não assistindo Madre Mia pela milésima vez por mim tá tudo certo.,C:\Users\Debs\Casulo-Indie_GIT\4Seasons\Assets\_Sources\Dialogue\Yarn\Files\Feedback1.yarn,Feedback_NCorajoso_Event1,68,03857638,
pt,line:0a5d87d,Ian: Eu amo caixa de self check out!,C:\Users\Debs\Casulo-Indie_GIT\4Seasons\Assets\_Sources\Dialogue\Yarn\Files\Feedback2.yarn,Feedback_Roubando_Event2,6,a29f0d6f,
pt,line:00de5a0,Arabella: Falei que ia dar pra roubar sem ninguém perceber.,C:\Users\Debs\Casulo-Indie_GIT\4Seasons\Assets\_Sources\Dialogue\Yarn\Files\Feedback2.yarn,Feedback_Roubando_Event2,9,71f051f8,
pt,line:04f487b,Melissa: Gente e se descobrirem?,C:\Users\Debs\Casulo-Indie_GIT\4Seasons\Assets\_Sources\Dialogue\Yarn\Files\Feedback2.yarn,Feedback_Roubando_Event2,12,8fcb1e33,
pt,line:0210465,Melissa: E se nossos pais souberem?,C:\Users\Debs\Casulo-Indie_GIT\4Seasons\Assets\_Sources\Dialogue\Yarn\Files\Feedback2.yarn,Feedback_Roubando_Event2,15,ca390d9f,
pt,line:0fd3c1f,"Melissa: Vamo voltar lá e passar o que a gente pegou a mais, sério gente.",C:\Users\Debs\Casulo-Indie_GIT\4Seasons\Assets\_Sources\Dialogue\Yarn\Files\Feedback2.yarn,Feedback_Roubando_Event2,18,8566baab,
pt,line:0881b1f,Arabella: Como vão descobrir?,C:\Users\Debs\Casulo-Indie_GIT\4Seasons\Assets\_Sources\Dialogue\Yarn\Files\Feedback2.yarn,Feedback_Roubando_Event2,21,b592e8eb,
pt,line:08ea35c,Arabella: Cê vai falar algo?,C:\Users\Debs\Casulo-Indie_GIT\4Seasons\Assets\_Sources\Dialogue\Yarn\Files\Feedback2.yarn,Feedback_Roubando_Event2,24,c8b56cba,
pt,line:0233aaa,Melissa: Eu deixei claro que não gostava da ideia!,C:\Users\Debs\Casulo-Indie_GIT\4Seasons\Assets\_Sources\Dialogue\Yarn\Files\Feedback2.yarn,Feedback_Roubando_Event2,27,f63d5b3f,
pt,line:084604a,"Ian: Calma, Mel.",C:\Users\Debs\Casulo-Indie_GIT\4Seasons\Assets\_Sources\Dialogue\Yarn\Files\Feedback2.yarn,Feedback_Roubando_Event2,30,9de995c5,
pt,line:0361708,"Ian: Vai dar tudo certo, ninguém vai ficar sabendo.",C:\Users\Debs\Casulo-Indie_GIT\4Seasons\Assets\_Sources\Dialogue\Yarn\Files\Feedback2.yarn,Feedback_Roubando_Event2,33,3b8a0667,
pt,line:0fd7502,Melissa: Se alguém descobrir eu vou jogar nas costas de vocês.,C:\Users\Debs\Casulo-Indie_GIT\4Seasons\Assets\_Sources\Dialogue\Yarn\Files\Feedback2.yarn,Feedback_Roubando_Event2,36,573ab7f6,
pt,line:0f8a457,"Melissa: Desculpa, mas eu disse que não era pra fazer isso.",C:\Users\Debs\Casulo-Indie_GIT\4Seasons\Assets\_Sources\Dialogue\Yarn\Files\Feedback2.yarn,Feedback_Roubando_Event2,39,21e97014,
pt,line:0987fb3,"Arabella: Pode ficar tranquila, se qualquer merda acontecer eu aceito a culpa.",C:\Users\Debs\Casulo-Indie_GIT\4Seasons\Assets\_Sources\Dialogue\Yarn\Files\Feedback2.yarn,Feedback_Roubando_Event2,42,e9e9ec29,
pt,line:0392287,Arabella: A ideia foi minha.,C:\Users\Debs\Casulo-Indie_GIT\4Seasons\Assets\_Sources\Dialogue\Yarn\Files\Feedback2.yarn,Feedback_Roubando_Event2,45,77a3223f,
pt,line:094b45b,"Ian: Tu não vai levar a culpa sozinha, Tô contigo pra qualquer merda.",C:\Users\Debs\Casulo-Indie_GIT\4Seasons\Assets\_Sources\Dialogue\Yarn\Files\Feedback2.yarn,Feedback_Roubando_Event2,48,e7031f26,
pt,line:0770beb,Sabrina: Desculpa gente mas não posso assumir essa.,C:\Users\Debs\Casulo-Indie_GIT\4Seasons\Assets\_Sources\Dialogue\Yarn\Files\Feedback2.yarn,Feedback_Roubando_Event2,51,ffa9c2b8,
pt,line:049c658,"Arabella: Quanto sentimento, Ian.",C:\Users\Debs\Casulo-Indie_GIT\4Seasons\Assets\_Sources\Dialogue\Yarn\Files\Feedback2.yarn,Feedback_Roubando_Event2,54,733ec444,
pt,line:016851a,Arabella: Vamos aproveitar nossas bebidas antes que alguém comece a chorar.,C:\Users\Debs\Casulo-Indie_GIT\4Seasons\Assets\_Sources\Dialogue\Yarn\Files\Feedback2.yarn,Feedback_Roubando_Event2,57,ce62c439,
pt,line:0d9f21c,Arabella: O ruim é que as bebidas vão acabar rápido.,C:\Users\Debs\Casulo-Indie_GIT\4Seasons\Assets\_Sources\Dialogue\Yarn\Files\Feedback2.yarn,Feedback_NRoubando_Event2,66,72a5d24a,
pt,line:08fa49f,Melissa: Mas pelo menos a gente não cometeu um crime.,C:\Users\Debs\Casulo-Indie_GIT\4Seasons\Assets\_Sources\Dialogue\Yarn\Files\Feedback2.yarn,Feedback_NRoubando_Event2,69,20ecec13,
pt,line:024ebd0,Ian: Roubar das grandes redes não é um crime porque eles roubam primeiro!,C:\Users\Debs\Casulo-Indie_GIT\4Seasons\Assets\_Sources\Dialogue\Yarn\Files\Feedback2.yarn,Feedback_NRoubando_Event2,72,dee4f689,
pt,line:0821259,Sabrina: Cê realmente tá investido nisso né?,C:\Users\Debs\Casulo-Indie_GIT\4Seasons\Assets\_Sources\Dialogue\Yarn\Files\Feedback2.yarn,Feedback_NRoubando_Event2,75,d623faa2,
pt,line:0b22beb,Ian: Eu sempre vou estar investido na queda dos monopólios!,C:\Users\Debs\Casulo-Indie_GIT\4Seasons\Assets\_Sources\Dialogue\Yarn\Files\Feedback2.yarn,Feedback_NRoubando_Event2,78,36b8a110,
pt,line:062ba2c,Arabella: Tá bom gatinho comunista.,C:\Users\Debs\Casulo-Indie_GIT\4Seasons\Assets\_Sources\Dialogue\Yarn\Files\Feedback2.yarn,Feedback_NRoubando_Event2,81,9f313499,
pt,line:06574df,Sabrina: Daqui cês querem ir pra onde?,C:\Users\Debs\Casulo-Indie_GIT\4Seasons\Assets\_Sources\Dialogue\Yarn\Files\Feedback2.yarn,Feedback_NRoubando_Event2,84,d46bb4dc,
pt,line:0f90cec,Melissa: Vamo dar mais uma voltinha no shopping e depois a gente vê.,C:\Users\Debs\Casulo-Indie_GIT\4Seasons\Assets\_Sources\Dialogue\Yarn\Files\Feedback2.yarn,Feedback_NRoubando_Event2,87,f8b51169,
pt,line:0faea07,Ian: Eu tava querendo passar ali na livraria.,C:\Users\Debs\Casulo-Indie_GIT\4Seasons\Assets\_Sources\Dialogue\Yarn\Files\Feedback2.yarn,Feedback_NRoubando_Event2,90,eb5ae398,
pt,line:0cc3077,"Melissa: Eu também, queria ver se tem algum cd novo lá.",C:\Users\Debs\Casulo-Indie_GIT\4Seasons\Assets\_Sources\Dialogue\Yarn\Files\Feedback2.yarn,Feedback_NRoubando_Event2,93,71ec3962,
pt,line:009850d,Arabella: Depois a gente pode ir pra praça?,C:\Users\Debs\Casulo-Indie_GIT\4Seasons\Assets\_Sources\Dialogue\Yarn\Files\Feedback2.yarn,Feedback_NRoubando_Event2,96,d3554e6a,
pt,line:0760280,Sabrina: Eu apoio.,C:\Users\Debs\Casulo-Indie_GIT\4Seasons\Assets\_Sources\Dialogue\Yarn\Files\Feedback2.yarn,Feedback_NRoubando_Event2,99,e340d72e,
pt,line:0ba5aa7,Sabrina: O que de pior pode acontecer?,C:\Users\Debs\Casulo-Indie_GIT\4Seasons\Assets\_Sources\Dialogue\Yarn\Files\Feedback3.yarn,Feedback_Praia_1,6,df94fb1a,
pt,line:0a69d5f,"Iris: Tu vai ver que é de boa, só vai ficar mais relaxada.",C:\Users\Debs\Casulo-Indie_GIT\4Seasons\Assets\_Sources\Dialogue\Yarn\Files\Feedback3.yarn,Feedback_Praia_1,9,aa1c2fdb,
pt,line:0cd5618,"Iris: Talvez falar umas besteiras, mas é legal.",C:\Users\Debs\Casulo-Indie_GIT\4Seasons\Assets\_Sources\Dialogue\Yarn\Files\Feedback3.yarn,Feedback_Praia_1,12,fff2f56e,
pt,line:05ede56,Sabrina: Eu tô fazendo isso certo?,C:\Users\Debs\Casulo-Indie_GIT\4Seasons\Assets\_Sources\Dialogue\Yarn\Files\Feedback3.yarn,Feedback_Praia_1,15,0989d35b,
pt,line:0961d08,"Iris: Não, é assim, ó",C:\Users\Debs\Casulo-Indie_GIT\4Seasons\Assets\_Sources\Dialogue\Yarn\Files\Feedback3.yarn,Feedback_Praia_1,18,26289bbb,
pt,line:0f5bc1a,"Sabrina: Tá, acho que entendi.",C:\Users\Debs\Casulo-Indie_GIT\4Seasons\Assets\_Sources\Dialogue\Yarn\Files\Feedback3.yarn,Feedback_Praia_1,21,395c6121,
pt,line:0d7ae72,Iris: Eventualmente tu pega o jeito da coisa.,C:\Users\Debs\Casulo-Indie_GIT\4Seasons\Assets\_Sources\Dialogue\Yarn\Files\Feedback3.yarn,Feedback_Praia_1,24,d4be30f0,
pt,line:048b404,Sabrina: Como eu sei se bateu?,C:\Users\Debs\Casulo-Indie_GIT\4Seasons\Assets\_Sources\Dialogue\Yarn\Files\Feedback3.yarn,Feedback_Praia_1,27,14b5b880,
pt,line:0a420ee,"Iris: Tu vai saber, confia em mim.",C:\Users\Debs\Casulo-Indie_GIT\4Seasons\Assets\_Sources\Dialogue\Yarn\Files\Feedback3.yarn,Feedback_Praia_1,30,07eb9f9c,
pt,line:028db56,Sabrina: Fico feliz de a gente estar fazendo isso juntas.,C:\Users\Debs\Casulo-Indie_GIT\4Seasons\Assets\_Sources\Dialogue\Yarn\Files\Feedback3.yarn,Feedback_Praia_1,33,f475e521,
pt,line:0cbec83,Iris: Eu também.,C:\Users\Debs\Casulo-Indie_GIT\4Seasons\Assets\_Sources\Dialogue\Yarn\Files\Feedback3.yarn,Feedback_Praia_1,36,bc4f2f69,
pt,line:00fe394,"Sabrina: Não me leva a mal, mas não é pra mim.",C:\Users\Debs\Casulo-Indie_GIT\4Seasons\Assets\_Sources\Dialogue\Yarn\Files\Feedback3.yarn,Feedback_Praia_2,45,50f20272,
pt,line:0f4bbc6,"Iris: Ei, tá de boa, não precisa se justificar pra mim. Eu entendo.",C:\Users\Debs\Casulo-Indie_GIT\4Seasons\Assets\_Sources\Dialogue\Yarn\Files\Feedback3.yarn,Feedback_Praia_2,48,d9adaa2f,
pt,line:05ba3d5,Sabrina: Como é?,C:\Users\Debs\Casulo-Indie_GIT\4Seasons\Assets\_Sources\Dialogue\Yarn\Files\Feedback3.yarn,Feedback_Praia_2,51,8f8a4eca,
pt,line:0ca2742,Iris: Ah é legal.,C:\Users\Debs\Casulo-Indie_GIT\4Seasons\Assets\_Sources\Dialogue\Yarn\Files\Feedback3.yarn,Feedback_Praia_2,54,e8249492,
pt,line:06c0bf4,"Iris: Tu se sente mais leve, parece que a cabeça desacelera um pouco.",C:\Users\Debs\Casulo-Indie_GIT\4Seasons\Assets\_Sources\Dialogue\Yarn\Files\Feedback3.yarn,Feedback_Praia_2,57,ce7ce496,
pt,line:03e5a0a,Sabrina: Quem sabe algum dia eu não experimente.,C:\Users\Debs\Casulo-Indie_GIT\4Seasons\Assets\_Sources\Dialogue\Yarn\Files\Feedback3.yarn,Feedback_Praia_2,60,d0228169,
pt,line:05e739b,"Iris: Se quiser, eu tô aqui.",C:\Users\Debs\Casulo-Indie_GIT\4Seasons\Assets\_Sources\Dialogue\Yarn\Files\Feedback3.yarn,Feedback_Praia_2,63,0de3aeeb,
pt,line:0ca210a,Iris: Não é um bicho de sete cabeças.,C:\Users\Debs\Casulo-Indie_GIT\4Seasons\Assets\_Sources\Dialogue\Yarn\Files\Feedback3.yarn,Feedback_Praia_2,66,b9b25cb3,
pt,line:0edc5e8,"Sabrina: Se eu for fumar, espero que seja contigo.",C:\Users\Debs\Casulo-Indie_GIT\4Seasons\Assets\_Sources\Dialogue\Yarn\Files\Feedback3.yarn,Feedback_Praia_2,69,d5c2d641,
pt,line:0b7886c,Iris: Fico feliz que tu confie em mim assim.,C:\Users\Debs\Casulo-Indie_GIT\4Seasons\Assets\_Sources\Dialogue\Yarn\Files\Feedback3.yarn,Feedback_Praia_2,72,10cfe39f,
pt,line:072b063,Arabella: Deixa eu ver como ficou.,C:\Users\Debs\Casulo-Indie_GIT\4Seasons\Assets\_Sources\Dialogue\Yarn\Files\Feedback4.yarn,Feedback_Amigos_Event4,6,72141364,
pt,line:06de86e,Sabrina: Calma ai Bella!,C:\Users\Debs\Casulo-Indie_GIT\4Seasons\Assets\_Sources\Dialogue\Yarn\Files\Feedback4.yarn,Feedback_Amigos_Event4,9,b0767dda,
pt,line:0d37d69,Sabrina: Tá abrindo a foto.,C:\Users\Debs\Casulo-Indie_GIT\4Seasons\Assets\_Sources\Dialogue\Yarn\Files\Feedback4.yarn,Feedback_Amigos_Event4,12,b6a5c39b,
pt,line:0667d9a,"Iris: Olha só, ficou muito show.",C:\Users\Debs\Casulo-Indie_GIT\4Seasons\Assets\_Sources\Dialogue\Yarn\Files\Feedback4.yarn,Feedback_Amigos_Event4,15,4a31d440,
pt,line:023c623,Iris: A câmera valorizou as cores.,C:\Users\Debs\Casulo-Indie_GIT\4Seasons\Assets\_Sources\Dialogue\Yarn\Files\Feedback4.yarn,Feedback_Amigos_Event4,18,015f8bbf,
pt,line:05bb9b5,"Lucas: Pessoalmente era mais bonito, mas que bom que a gente tem registro.",C:\Users\Debs\Casulo-Indie_GIT\4Seasons\Assets\_Sources\Dialogue\Yarn\Files\Feedback4.yarn,Feedback_Amigos_Event4,21,46a71848,
pt,line:0ec8e4f,Lucas: Eu adorei a foto.,C:\Users\Debs\Casulo-Indie_GIT\4Seasons\Assets\_Sources\Dialogue\Yarn\Files\Feedback4.yarn,Feedback_Amigos_Event4,24,78ab70e2,
pt,line:0bb8f85,"Sabrina: Ah, obrigada gente.",C:\Users\Debs\Casulo-Indie_GIT\4Seasons\Assets\_Sources\Dialogue\Yarn\Files\Feedback4.yarn,Feedback_Amigos_Event4,27,2f5960a7,
pt,line:0042f32,Arabella: Logo logo cê pode me substituir como fotógrafa do grupo.,C:\Users\Debs\Casulo-Indie_GIT\4Seasons\Assets\_Sources\Dialogue\Yarn\Files\Feedback4.yarn,Feedback_Amigos_Event4,30,bbfb2484,
pt,line:08d3117,Iris: E ai? Ficou boa?,C:\Users\Debs\Casulo-Indie_GIT\4Seasons\Assets\_Sources\Dialogue\Yarn\Files\Feedback4.yarn,Feedback_Player_Event4,39,b57553ff,
pt,line:0c272e4,"Lucas: É, deixa a gente ver.",C:\Users\Debs\Casulo-Indie_GIT\4Seasons\Assets\_Sources\Dialogue\Yarn\Files\Feedback4.yarn,Feedback_Player_Event4,42,c749944c,
pt,line:019b59c,Arabella: Po ficou bem daora.,C:\Users\Debs\Casulo-Indie_GIT\4Seasons\Assets\_Sources\Dialogue\Yarn\Files\Feedback4.yarn,Feedback_Player_Event4,45,169fa4ee,
pt,line:00e5dc9,Arabella: Mas lógico que cê ia tirar foto do seu.,C:\Users\Debs\Casulo-Indie_GIT\4Seasons\Assets\_Sources\Dialogue\Yarn\Files\Feedback4.yarn,Feedback_Player_Event4,48,0bc0a580,
pt,line:07bbc60,"Lucas: Deixa ela, Arabella!",C:\Users\Debs\Casulo-Indie_GIT\4Seasons\Assets\_Sources\Dialogue\Yarn\Files\Feedback4.yarn,Feedback_Player_Event4,51,8e84e017,
pt,line:056d7a3,"Lucas: A foto ficou muito incrível Brina, parabéns.",C:\Users\Debs\Casulo-Indie_GIT\4Seasons\Assets\_Sources\Dialogue\Yarn\Files\Feedback4.yarn,Feedback_Player_Event4,54,27255d6d,
pt,line:02b4e3f,Iris: A Bella só tá com invejinha.,C:\Users\Debs\Casulo-Indie_GIT\4Seasons\Assets\_Sources\Dialogue\Yarn\Files\Feedback4.yarn,Feedback_Player_Event4,57,77119507,
pt,line:039a15d,Iris: Ficou bem legal mesmo.,C:\Users\Debs\Casulo-Indie_GIT\4Seasons\Assets\_Sources\Dialogue\Yarn\Files\Feedback4.yarn,Feedback_Player_Event4,60,01882a8f,
pt,line:0a3057f,"Sabrina: É, ela não se aguenta, tem que me perturbar.",C:\Users\Debs\Casulo-Indie_GIT\4Seasons\Assets\_Sources\Dialogue\Yarn\Files\Feedback4.yarn,Feedback_Player_Event4,63,d9624a01,
pt,line:09ef840,Arabella: Olha quem fala.,C:\Users\Debs\Casulo-Indie_GIT\4Seasons\Assets\_Sources\Dialogue\Yarn\Files\Feedback4.yarn,Feedback_Player_Event4,66,dde75715,
pt,line:09f5d79,Sabrina: Cara dá pra ver um pedação da cidade lá em cima!,C:\Users\Debs\Casulo-Indie_GIT\4Seasons\Assets\_Sources\Dialogue\Yarn\Files\Feedback5.yarn,Feedback_Amigo1_Event5,7,6f83d30e,
pt,line:0011254,"Arabella: Pois é, eu não lembrava que era tão alto.",C:\Users\Debs\Casulo-Indie_GIT\4Seasons\Assets\_Sources\Dialogue\Yarn\Files\Feedback5.yarn,Feedback_Amigo1_Event5,10,c821aa3b,
pt,line:072642c,"Sabrina: Foi muito legal, obrigada por ir comigo, Bella.",C:\Users\Debs\Casulo-Indie_GIT\4Seasons\Assets\_Sources\Dialogue\Yarn\Files\Feedback5.yarn,Feedback_Amigo1_Event5,13,3039b6bf,
pt,line:0b116c5,"Arabella: Cê tá sendo sentimental, que fofa.",C:\Users\Debs\Casulo-Indie_GIT\4Seasons\Assets\_Sources\Dialogue\Yarn\Files\Feedback5.yarn,Feedback_Amigo1_Event5,16,9af44657,
pt,line:0c3b81c,Arabella: Mas foi legal ir contigo.,C:\Users\Debs\Casulo-Indie_GIT\4Seasons\Assets\_Sources\Dialogue\Yarn\Files\Feedback5.yarn,Feedback_Amigo1_Event5,19,0814b539,
pt,line:015083c,"Arabella: Não sou muito de falar essas coisas, mas eu gosto de você.",C:\Users\Debs\Casulo-Indie_GIT\4Seasons\Assets\_Sources\Dialogue\Yarn\Files\Feedback5.yarn,Feedback_Amigo1_Event5,22,7c331c6e,
pt,line:08d5692,Sabrina: Quem tava sendo sentimental mesmo?,C:\Users\Debs\Casulo-Indie_GIT\4Seasons\Assets\_Sources\Dialogue\Yarn\Files\Feedback5.yarn,Feedback_Amigo1_Event5,25,de385a61,
pt,line:0568816,Arabella: Ai cala boca.,C:\Users\Debs\Casulo-Indie_GIT\4Seasons\Assets\_Sources\Dialogue\Yarn\Files\Feedback5.yarn,Feedback_Amigo1_Event5,28,069f75f8,
pt,line:09892ea,"Ian: Pô, foi mal pela hora que eu levantei, sei que te deu um baita susto.",C:\Users\Debs\Casulo-Indie_GIT\4Seasons\Assets\_Sources\Dialogue\Yarn\Files\Feedback5.yarn,Feedback_Amigo2_Event5,39,8beb3584,
pt,line:0f968eb,Sabrina: Eu achei que a gente ia cair!,C:\Users\Debs\Casulo-Indie_GIT\4Seasons\Assets\_Sources\Dialogue\Yarn\Files\Feedback5.yarn,Feedback_Amigo2_Event5,42,74422e45,
pt,line:0bab2e2,Sabrina: O carrinho balançou um monte.,C:\Users\Debs\Casulo-Indie_GIT\4Seasons\Assets\_Sources\Dialogue\Yarn\Files\Feedback5.yarn,Feedback_Amigo2_Event5,45,0b61fc28,
pt,line:09c766c,Sabrina: Mas tá de boa.,C:\Users\Debs\Casulo-Indie_GIT\4Seasons\Assets\_Sources\Dialogue\Yarn\Files\Feedback5.yarn,Feedback_Amigo2_Event5,48,aad62cd7,
pt,line:0020f6d,"Ian: Eu me empolgo muito as vezes, foi mal.",C:\Users\Debs\Casulo-Indie_GIT\4Seasons\Assets\_Sources\Dialogue\Yarn\Files\Feedback5.yarn,Feedback_Amigo2_Event5,51,9160b66d,
pt,line:01bbf25,"Sabrina: Ei, nem esquenta.",C:\Users\Debs\Casulo-Indie_GIT\4Seasons\Assets\_Sources\Dialogue\Yarn\Files\Feedback5.yarn,Feedback_Amigo2_Event5,54,31d1c74b,
pt,line:0be7a14,"Sabrina: Foi daora, deu frio na barriga.",C:\Users\Debs\Casulo-Indie_GIT\4Seasons\Assets\_Sources\Dialogue\Yarn\Files\Feedback5.yarn,Feedback_Amigo2_Event5,57,e17ec564,
pt,line:047aa43,Ian: Foi daora pra caralho!,C:\Users\Debs\Casulo-Indie_GIT\4Seasons\Assets\_Sources\Dialogue\Yarn\Files\Feedback5.yarn,Feedback_Amigo2_Event5,60,d67e2ac8,
pt,line:038b4f0,Ian: Mas da próxima eu prometo me comportar.,C:\Users\Debs\Casulo-Indie_GIT\4Seasons\Assets\_Sources\Dialogue\Yarn\Files\Feedback5.yarn,Feedback_Amigo2_Event5,63,73203233,
pt,line:0f9d8ae,Sabrina: Beleza! Vou te cobrar.,C:\Users\Debs\Casulo-Indie_GIT\4Seasons\Assets\_Sources\Dialogue\Yarn\Files\Feedback5.yarn,Feedback_Amigo2_Event5,66,7ded3439,
pt,line:0f860bb,Iris: E ai?,C:\Users\Debs\Casulo-Indie_GIT\4Seasons\Assets\_Sources\Dialogue\Yarn\Files\Feedback5.yarn,Feedback_Amigo3_Event5,77,7c4f62f7,
pt,line:07256e4,Iris: Gostou do passeio?,C:\Users\Debs\Casulo-Indie_GIT\4Seasons\Assets\_Sources\Dialogue\Yarn\Files\Feedback5.yarn,Feedback_Amigo3_Event5,80,e641c86d,
pt,line:09a0265,"Sabrina: A vista é incrível, eu adorei!",C:\Users\Debs\Casulo-Indie_GIT\4Seasons\Assets\_Sources\Dialogue\Yarn\Files\Feedback5.yarn,Feedback_Amigo3_Event5,83,5e681da2,
pt,line:0eb2022,Sabrina: Lógico que a companhia ajudou a ser melhor ainda.,C:\Users\Debs\Casulo-Indie_GIT\4Seasons\Assets\_Sources\Dialogue\Yarn\Files\Feedback5.yarn,Feedback_Amigo3_Event5,86,887b9ad5,
pt,line:08d247f,"Iris: Ah, que isso Sabrina.",C:\Users\Debs\Casulo-Indie_GIT\4Seasons\Assets\_Sources\Dialogue\Yarn\Files\Feedback5.yarn,Feedback_Amigo3_Event5,89,ed4648ea,
pt,line:09ff1bb,"Sabrina: Mas é verdade, foi legal te ter comigo lá em cima.",C:\Users\Debs\Casulo-Indie_GIT\4Seasons\Assets\_Sources\Dialogue\Yarn\Files\Feedback5.yarn,Feedback_Amigo3_Event5,92,c1d8175d,
pt,line:09baa3e,Iris: Digo o mesmo.,C:\Users\Debs\Casulo-Indie_GIT\4Seasons\Assets\_Sources\Dialogue\Yarn\Files\Feedback5.yarn,Feedback_Amigo3_Event5,95,e2e6d726,
pt,line:009799e,"Iris: Tu é especial, eu gosto muito de ti.",C:\Users\Debs\Casulo-Indie_GIT\4Seasons\Assets\_Sources\Dialogue\Yarn\Files\Feedback5.yarn,Feedback_Amigo3_Event5,98,af900974,
pt,line:0f62df7,Sabrina: Agora fiquei com vergonha.,C:\Users\Debs\Casulo-Indie_GIT\4Seasons\Assets\_Sources\Dialogue\Yarn\Files\Feedback5.yarn,Feedback_Amigo3_Event5,101,0c1ac6ef,
pt,line:0e65dfd,Iris: Tu é muito fofa.,C:\Users\Debs\Casulo-Indie_GIT\4Seasons\Assets\_Sources\Dialogue\Yarn\Files\Feedback5.yarn,Feedback_Amigo3_Event5,104,89979854,
pt,line:0dfe774,Lucas: Realmente a roda gigante é gigante.,C:\Users\Debs\Casulo-Indie_GIT\4Seasons\Assets\_Sources\Dialogue\Yarn\Files\Feedback5.yarn,Feedback_Amigo4_Event5,115,a9a36dd9,
pt,line:0734f9f,Sabrina: O nome não é mentira.,C:\Users\Debs\Casulo-Indie_GIT\4Seasons\Assets\_Sources\Dialogue\Yarn\Files\Feedback5.yarn,Feedback_Amigo4_Event5,118,595823aa,
pt,line:040bdb4,Lucas: Obrigado por segurar minha mão lá no alto.,C:\Users\Debs\Casulo-Indie_GIT\4Seasons\Assets\_Sources\Dialogue\Yarn\Files\Feedback5.yarn,Feedback_Amigo4_Event5,121,07241c84,
pt,line:004b8ac,Lucas: Não sou o melhor parceiro para isso né?,C:\Users\Debs\Casulo-Indie_GIT\4Seasons\Assets\_Sources\Dialogue\Yarn\Files\Feedback5.yarn,Feedback_Amigo4_Event5,124,75a0f3c3,
pt,line:0bb6e1b,"Sabrina: Deixa disso, Luke. Foi muito legal.",C:\Users\Debs\Casulo-Indie_GIT\4Seasons\Assets\_Sources\Dialogue\Yarn\Files\Feedback5.yarn,Feedback_Amigo4_Event5,127,0bf22d51,
pt,line:02b28ca,Sabrina: Se precisar de alguém pra segurar sua mão eu tô aqui.,C:\Users\Debs\Casulo-Indie_GIT\4Seasons\Assets\_Sources\Dialogue\Yarn\Files\Feedback5.yarn,Feedback_Amigo4_Event5,130,a31b3ff1,
pt,line:04e686f,"Lucas: Muito obrigado, Brina.",C:\Users\Debs\Casulo-Indie_GIT\4Seasons\Assets\_Sources\Dialogue\Yarn\Files\Feedback5.yarn,Feedback_Amigo4_Event5,133,1fccf3d0,
pt,line:0b67618,Sabrina: Nossa! a vista lá de cima realmente é bonita.,C:\Users\Debs\Casulo-Indie_GIT\4Seasons\Assets\_Sources\Dialogue\Yarn\Files\Feedback5.yarn,Feedback_Amigo5_Event5,144,d0595e5f,
pt,line:0004c36,Melissa: Demais!,C:\Users\Debs\Casulo-Indie_GIT\4Seasons\Assets\_Sources\Dialogue\Yarn\Files\Feedback5.yarn,Feedback_Amigo5_Event5,147,f01e534c,
pt,line:0bcd1a8,Melissa: Com as luzes do parque todas acesas é ainda mais legal.,C:\Users\Debs\Casulo-Indie_GIT\4Seasons\Assets\_Sources\Dialogue\Yarn\Files\Feedback5.yarn,Feedback_Amigo5_Event5,150,dc882981,
pt,line:00fc54d,"Sabrina: Que bom que gostou, foi legal fazer isso contigo.",C:\Users\Debs\Casulo-Indie_GIT\4Seasons\Assets\_Sources\Dialogue\Yarn\Files\Feedback5.yarn,Feedback_Amigo5_Event5,153,52482e26,
pt,line:051755d,Melissa: Quando quiser de novo me chama.,C:\Users\Debs\Casulo-Indie_GIT\4Seasons\Assets\_Sources\Dialogue\Yarn\Files\Feedback5.yarn,Feedback_Amigo5_Event5,156,8ec44675,
pt,line:0966f90,Melissa: Foi muito bom fazer isso contigo também.,C:\Users\Debs\Casulo-Indie_GIT\4Seasons\Assets\_Sources\Dialogue\Yarn\Files\Feedback5.yarn,Feedback_Amigo5_Event5,159,f5219fe5,
pt,line:005319e,Ian: Vamo gente vocês são lentos demais!,C:\Users\Debs\Casulo-Indie_GIT\4Seasons\Assets\_Sources\Dialogue\Yarn\Files\Parque.yarn,Roda_Gigante,7,5435c826,
pt,line:053fb65,"Melissa: Se tu cair no chão, Ian.",C:\Users\Debs\Casulo-Indie_GIT\4Seasons\Assets\_Sources\Dialogue\Yarn\Files\Parque.yarn,Roda_Gigante,10,44ad2c88,
pt,line:0c22699,"Sabrina: Deixa ele, Mel.",C:\Users\Debs\Casulo-Indie_GIT\4Seasons\Assets\_Sources\Dialogue\Yarn\Files\Parque.yarn,Roda_Gigante,13,74a76fa0,
pt,line:0497c4f,Sabrina: A gente ri da cara dele.,C:\Users\Debs\Casulo-Indie_GIT\4Seasons\Assets\_Sources\Dialogue\Yarn\Files\Parque.yarn,Roda_Gigante,16,61a27c1c,
pt,line:0f0baab,Melissa: É que não é tu que ele vem chorando depois.,C:\Users\Debs\Casulo-Indie_GIT\4Seasons\Assets\_Sources\Dialogue\Yarn\Files\Parque.yarn,Roda_Gigante,19,935717be,
pt,line:0c06377,Arabella: Me espera seu cuzão!,C:\Users\Debs\Casulo-Indie_GIT\4Seasons\Assets\_Sources\Dialogue\Yarn\Files\Parque.yarn,Roda_Gigante,22,9ba2ac29,
pt,line:0fdf677,Iris: Por que eles tão correndo? O parque tá vazio hoje.,C:\Users\Debs\Casulo-Indie_GIT\4Seasons\Assets\_Sources\Dialogue\Yarn\Files\Parque.yarn,Roda_Gigante,25,e564e1f5,
pt,line:04fe3b5,Sabrina: Vai saber.,C:\Users\Debs\Casulo-Indie_GIT\4Seasons\Assets\_Sources\Dialogue\Yarn\Files\Parque.yarn,Roda_Gigante,28,6df5683d,
pt,line:034121c,Lucas: Eles têm muita energia às vezes.,C:\Users\Debs\Casulo-Indie_GIT\4Seasons\Assets\_Sources\Dialogue\Yarn\Files\Parque.yarn,Roda_Gigante,31,19b7a736,
pt,line:01e22b2,"Iris: Hoje foi tão legal, uma pena que já fomos em todos os brinquedos.",C:\Users\Debs\Casulo-Indie_GIT\4Seasons\Assets\_Sources\Dialogue\Yarn\Files\Parque.yarn,Roda_Gigante,34,f751d3a7,
pt,line:0317590,"Melissa: Pois é, o kamikaze foi incrível!",C:\Users\Debs\Casulo-Indie_GIT\4Seasons\Assets\_Sources\Dialogue\Yarn\Files\Parque.yarn,Roda_Gigante,37,09d73b99,
pt,line:04140a1,Ian: SIM! Eu amo o kamikaze!,C:\Users\Debs\Casulo-Indie_GIT\4Seasons\Assets\_Sources\Dialogue\Yarn\Files\Parque.yarn,Roda_Gigante,40,cfd77bd7,
pt,line:030ae9a,Lucas: Eu achei que ia passar mal nesse negócio.,C:\Users\Debs\Casulo-Indie_GIT\4Seasons\Assets\_Sources\Dialogue\Yarn\Files\Parque.yarn,Roda_Gigante,43,e0cac326,
pt,line:004f5da,"Sabrina: Pois é, ficar de ponta cabeça é terrível.",C:\Users\Debs\Casulo-Indie_GIT\4Seasons\Assets\_Sources\Dialogue\Yarn\Files\Parque.yarn,Roda_Gigante,45,9c148814,Line metadata: emotion:Angry
pt,line:0b43d56,Sabrina: Na real foi bem divertido.,C:\Users\Debs\Casulo-Indie_GIT\4Seasons\Assets\_Sources\Dialogue\Yarn\Files\Parque.yarn,Roda_Gigante,50,4bfe65a2,Line metadata: emotion:Happy
pt,line:073edd4,Arabella: O melhor foi o Lucas se tremendo todo no trem fantasma.,C:\Users\Debs\Casulo-Indie_GIT\4Seasons\Assets\_Sources\Dialogue\Yarn\Files\Parque.yarn,Roda_Gigante,57,2481b19d,
pt,line:0d27271,"Ian: Nossa verdade, os gritos foram muito bons.",C:\Users\Debs\Casulo-Indie_GIT\4Seasons\Assets\_Sources\Dialogue\Yarn\Files\Parque.yarn,Roda_Gigante,60,65076673,
pt,line:0156c87,"Iris: Tu não pode falar muito dele sendo que tu gritou no minhocão, Ian!",C:\Users\Debs\Casulo-Indie_GIT\4Seasons\Assets\_Sources\Dialogue\Yarn\Files\Parque.yarn,Roda_Gigante,63,31aaae19,
pt,line:0ba3e7d,Ian: EU?? Nunca fiz isso!,C:\Users\Debs\Casulo-Indie_GIT\4Seasons\Assets\_Sources\Dialogue\Yarn\Files\Parque.yarn,Roda_Gigante,66,9c06c03c,
pt,line:01eda45,Lucas: Ah você fez sim!,C:\Users\Debs\Casulo-Indie_GIT\4Seasons\Assets\_Sources\Dialogue\Yarn\Files\Parque.yarn,Roda_Gigante,69,d0ca56f7,
pt,line:0a6f895,Lucas: Não tem como me zuar!,C:\Users\Debs\Casulo-Indie_GIT\4Seasons\Assets\_Sources\Dialogue\Yarn\Files\Parque.yarn,Roda_Gigante,72,e9da359d,
pt,line:076a0a1,"Ian: Em minha defesa, eu não lembrava que era rápido.",C:\Users\Debs\Casulo-Indie_GIT\4Seasons\Assets\_Sources\Dialogue\Yarn\Files\Parque.yarn,Roda_Gigante,75,2cbaf772,
pt,line:025434b,"Arabella: Às vezes cê só é cagão mesmo, pensou nisso?",C:\Users\Debs\Casulo-Indie_GIT\4Seasons\Assets\_Sources\Dialogue\Yarn\Files\Parque.yarn,Roda_Gigante,78,d4b0447f,
pt,line:0b8ab36,"Ian: Caba boca, Bella!",C:\Users\Debs\Casulo-Indie_GIT\4Seasons\Assets\_Sources\Dialogue\Yarn\Files\Parque.yarn,Roda_Gigante,81,82c2efa4,
pt,line:0b5fa35,"Melissa: Inclusive tu ainda tá enjoada das xícaras, Bella?",C:\Users\Debs\Casulo-Indie_GIT\4Seasons\Assets\_Sources\Dialogue\Yarn\Files\Parque.yarn,Roda_Gigante,84,4a80f6fc,
pt,line:0e10851,Arabella: Tô melhor.,C:\Users\Debs\Casulo-Indie_GIT\4Seasons\Assets\_Sources\Dialogue\Yarn\Files\Parque.yarn,Roda_Gigante,87,f03baa4a,
pt,line:0d6e6a3,Arabella: Se a Íris e o Ian não tivessem girado o negócio tão rápido.,C:\Users\Debs\Casulo-Indie_GIT\4Seasons\Assets\_Sources\Dialogue\Yarn\Files\Parque.yarn,Roda_Gigante,90,1b7be452,
pt,line:0cd56b5,Iris: Qual a graça dele ir devagarzinho?,C:\Users\Debs\Casulo-Indie_GIT\4Seasons\Assets\_Sources\Dialogue\Yarn\Files\Parque.yarn,Roda_Gigante,93,18f36ff2,
pt,line:00803fc,Sabrina: Acho que a graça é não vomitar.,C:\Users\Debs\Casulo-Indie_GIT\4Seasons\Assets\_Sources\Dialogue\Yarn\Files\Parque.yarn,Roda_Gigante,96,95437e6b,Line metadata: emotion:Happy
pt,line:0475e0d,Sabrina: SIM! quanto mais rápido melhor!,C:\Users\Debs\Casulo-Indie_GIT\4Seasons\Assets\_Sources\Dialogue\Yarn\Files\Parque.yarn,Roda_Gigante,101,e57574ac,
pt,line:07be347,Lucas: É o melhor brinquedo e vocês ficam de palhaçada querendo passar mal.,C:\Users\Debs\Casulo-Indie_GIT\4Seasons\Assets\_Sources\Dialogue\Yarn\Files\Parque.yarn,Roda_Gigante,108,298ae267,
pt,line:0ea1360,Ian: É brinquedo de criança gente!,C:\Users\Debs\Casulo-Indie_GIT\4Seasons\Assets\_Sources\Dialogue\Yarn\Files\Parque.yarn,Roda_Gigante,111,6b72d951,
pt,line:0a6eb5e,Ian: A graça é poder ficar tonto.,C:\Users\Debs\Casulo-Indie_GIT\4Seasons\Assets\_Sources\Dialogue\Yarn\Files\Parque.yarn,Roda_Gigante,114,a7a2985c,
pt,line:0dbe754,Melissa: Próxima vez me lembrem de trazer remédio de enjoo.,C:\Users\Debs\Casulo-Indie_GIT\4Seasons\Assets\_Sources\Dialogue\Yarn\Files\Parque.yarn,Roda_Gigante,117,d4fdbb71,
pt,line:094d0c6,Sabrina: Olha a roda gigante tá bem ali.,C:\Users\Debs\Casulo-Indie_GIT\4Seasons\Assets\_Sources\Dialogue\Yarn\Files\Parque.yarn,Roda_Gigante,120,451d285c,
pt,line:09724bd,Sabrina: Como a gente vai se dividir pra ir? É só dois por carrinho.,C:\Users\Debs\Casulo-Indie_GIT\4Seasons\Assets\_Sources\Dialogue\Yarn\Files\Parque.yarn,Roda_Gigante,123,8c3196e4,
pt,line:0cafde5,Melissa: Pra mim tanto faz.,C:\Users\Debs\Casulo-Indie_GIT\4Seasons\Assets\_Sources\Dialogue\Yarn\Files\Parque.yarn,Roda_Gigante,126,ca43e5fb,
pt,line:056756b,"Lucas: Só quero alguém que me deixe tranquilo, a altura me dá agonia.",C:\Users\Debs\Casulo-Indie_GIT\4Seasons\Assets\_Sources\Dialogue\Yarn\Files\Parque.yarn,Roda_Gigante,129,02c259c3,
pt,line:0aaef93,Ian: Só vamo entrando e aí a gente vê.,C:\Users\Debs\Casulo-Indie_GIT\4Seasons\Assets\_Sources\Dialogue\Yarn\Files\Parque.yarn,Roda_Gigante,132,a3a82e1f,
pt,line:0491626,Iris: Calma apressadinho.,C:\Users\Debs\Casulo-Indie_GIT\4Seasons\Assets\_Sources\Dialogue\Yarn\Files\Parque.yarn,Roda_Gigante,135,0271f97f,
pt,line:0f8377f,Arabella: Não tem paciência pra nada esse garoto.,C:\Users\Debs\Casulo-Indie_GIT\4Seasons\Assets\_Sources\Dialogue\Yarn\Files\Parque.yarn,Roda_Gigante,138,b8b725ba,
pt,line:0967a47,Arabella: Droga!,C:\Users\Debs\Casulo-Indie_GIT\4Seasons\Assets\_Sources\Dialogue\Yarn\Files\Praca.yarn,Fogos_De_Artificio,7,763e003d,
pt,line:0abd557,Arabella: A memória da câmera tá cheia.,C:\Users\Debs\Casulo-Indie_GIT\4Seasons\Assets\_Sources\Dialogue\Yarn\Files\Praca.yarn,Fogos_De_Artificio,10,2bf34781,
pt,line:0552cec,Sabrina: Vish.,C:\Users\Debs\Casulo-Indie_GIT\4Seasons\Assets\_Sources\Dialogue\Yarn\Files\Praca.yarn,Fogos_De_Artificio,13,1fb8e01c,
pt,line:00f4824,Sabrina: Tem espaço pra mais quantas?,C:\Users\Debs\Casulo-Indie_GIT\4Seasons\Assets\_Sources\Dialogue\Yarn\Files\Praca.yarn,Fogos_De_Artificio,16,6d379022,
pt,line:0c3780b,Arabella: Umas duas fotos,C:\Users\Debs\Casulo-Indie_GIT\4Seasons\Assets\_Sources\Dialogue\Yarn\Files\Praca.yarn,Fogos_De_Artificio,19,4b42d5eb,
pt,line:08abf80,Iris: Acho que a gente se empolgou hoje.,C:\Users\Debs\Casulo-Indie_GIT\4Seasons\Assets\_Sources\Dialogue\Yarn\Files\Praca.yarn,Fogos_De_Artificio,22,773ec628,
pt,line:02632ef,Lucas: É tão legal tirar foto.,C:\Users\Debs\Casulo-Indie_GIT\4Seasons\Assets\_Sources\Dialogue\Yarn\Files\Praca.yarn,Fogos_De_Artificio,25,649d7228,
pt,line:09a2b18,Lucas: As fotos da Bella são muito bonitas.,C:\Users\Debs\Casulo-Indie_GIT\4Seasons\Assets\_Sources\Dialogue\Yarn\Files\Praca.yarn,Fogos_De_Artificio,28,aa0a30a6,
pt,line:0428843,"Iris: Verdade, tu é uma ótima fotógrafa.",C:\Users\Debs\Casulo-Indie_GIT\4Seasons\Assets\_Sources\Dialogue\Yarn\Files\Praca.yarn,Fogos_De_Artificio,31,02fefbf9,
pt,line:02dd9c5,Arabella: E cês são muito sentimentais e bonitinhos.,C:\Users\Debs\Casulo-Indie_GIT\4Seasons\Assets\_Sources\Dialogue\Yarn\Files\Praca.yarn,Fogos_De_Artificio,34,69104a4c,
pt,line:0a76521,Sabrina: Cê vai mandar elas pra gente depois né?,C:\Users\Debs\Casulo-Indie_GIT\4Seasons\Assets\_Sources\Dialogue\Yarn\Files\Praca.yarn,Fogos_De_Artificio,37,2abfe59d,
pt,line:05586d0,"Arabella: Lógico, se eu não mando me enchem o saco.",C:\Users\Debs\Casulo-Indie_GIT\4Seasons\Assets\_Sources\Dialogue\Yarn\Files\Praca.yarn,Fogos_De_Artificio,40,eb6ef94d,
pt,line:0329b18,Lucas: A gente nem te incomoda tanto assim.,C:\Users\Debs\Casulo-Indie_GIT\4Seasons\Assets\_Sources\Dialogue\Yarn\Files\Praca.yarn,Fogos_De_Artificio,43,a15f4a58,
pt,line:0ef76fa,Sabrina: Eu incomodo.,C:\Users\Debs\Casulo-Indie_GIT\4Seasons\Assets\_Sources\Dialogue\Yarn\Files\Praca.yarn,Fogos_De_Artificio,46,dbe7432a,
pt,line:08e90fd,Sabrina: Preciso das fotos pras minhas colagens,C:\Users\Debs\Casulo-Indie_GIT\4Seasons\Assets\_Sources\Dialogue\Yarn\Files\Praca.yarn,Fogos_De_Artificio,49,45626346,
pt,line:02eb81a,Iris: Inclusive tu tem que nos mostrar as últimas.,C:\Users\Debs\Casulo-Indie_GIT\4Seasons\Assets\_Sources\Dialogue\Yarn\Files\Praca.yarn,Fogos_De_Artificio,52,85c60b4c,
pt,line:0097b62,Iris: Com as fotos do aniversário do Ian.,C:\Users\Debs\Casulo-Indie_GIT\4Seasons\Assets\_Sources\Dialogue\Yarn\Files\Praca.yarn,Fogos_De_Artificio,55,3de70c07,
pt,line:093821a,"Lucas: Verdade, você sempre fica evitando.",C:\Users\Debs\Casulo-Indie_GIT\4Seasons\Assets\_Sources\Dialogue\Yarn\Files\Praca.yarn,Fogos_De_Artificio,58,56ce0425,
pt,line:00fb25a,Sabrina: Um dia eu mostro.,C:\Users\Debs\Casulo-Indie_GIT\4Seasons\Assets\_Sources\Dialogue\Yarn\Files\Praca.yarn,Fogos_De_Artificio,61,93aef519,
pt,line:0e97cd4,Arabella: Cheia de migué.,C:\Users\Debs\Casulo-Indie_GIT\4Seasons\Assets\_Sources\Dialogue\Yarn\Files\Praca.yarn,Fogos_De_Artificio,64,41449316,
pt,line:0309fc1,Sabrina: Não querendo evitar o assunto.,C:\Users\Debs\Casulo-Indie_GIT\4Seasons\Assets\_Sources\Dialogue\Yarn\Files\Praca.yarn,Fogos_De_Artificio,67,bb349979,
pt,line:047dfb9,Sabrina: Mas a gente não vai soltar os fogos não?,C:\Users\Debs\Casulo-Indie_GIT\4Seasons\Assets\_Sources\Dialogue\Yarn\Files\Praca.yarn,Fogos_De_Artificio,70,08825887,
pt,line:0ecb40f,Arabella: Vamos! É pra isso que a gente veio aqui.,C:\Users\Debs\Casulo-Indie_GIT\4Seasons\Assets\_Sources\Dialogue\Yarn\Files\Praca.yarn,Fogos_De_Artificio,73,633d0294,
pt,line:0a23f6a,"Iris: Aqui, cada um pega um da minha bolsa.",C:\Users\Debs\Casulo-Indie_GIT\4Seasons\Assets\_Sources\Dialogue\Yarn\Files\Praca.yarn,Fogos_De_Artificio,76,f46865eb,
pt,line:0476230,Lucas: Uma penas que eles são barulhentos.,C:\Users\Debs\Casulo-Indie_GIT\4Seasons\Assets\_Sources\Dialogue\Yarn\Files\Praca.yarn,Fogos_De_Artificio,79,34613147,
pt,line:09a5543,"Iris: É, o barulho é meio chato mesmo.",C:\Users\Debs\Casulo-Indie_GIT\4Seasons\Assets\_Sources\Dialogue\Yarn\Files\Praca.yarn,Fogos_De_Artificio,82,62a0c2e5,
pt,line:054c746,Iris: Mas vai ser legal ver o céu colorido.,C:\Users\Debs\Casulo-Indie_GIT\4Seasons\Assets\_Sources\Dialogue\Yarn\Files\Praca.yarn,Fogos_De_Artificio,85,44125605,
pt,line:0702513,Sabrina: O estouro não me incomoda tanto.,C:\Users\Debs\Casulo-Indie_GIT\4Seasons\Assets\_Sources\Dialogue\Yarn\Files\Praca.yarn,Fogos_De_Artificio,88,e7e1fadc,Line metadata: emotion:Normal
pt,line:01d1899,"Sabrina: Pois é, não gosto do barulho alto.",C:\Users\Debs\Casulo-Indie_GIT\4Seasons\Assets\_Sources\Dialogue\Yarn\Files\Praca.yarn,Fogos_De_Artificio,93,c62a9f46,Line metadata: emotion:Sad
pt,line:0a8efef,"Arabella: Tapa os ouvidos que fica de boa, Luke.",C:\Users\Debs\Casulo-Indie_GIT\4Seasons\Assets\_Sources\Dialogue\Yarn\Files\Praca.yarn,Fogos_De_Artificio,100,ec2c4773,
pt,line:07bfd05,Iris: Quem vai tirar foto dos fogos?,C:\Users\Debs\Casulo-Indie_GIT\4Seasons\Assets\_Sources\Dialogue\Yarn\Files\Praca.yarn,Fogos_De_Artificio,103,7e847bf1,
pt,line:06a7cf4,"Arabella: Eu tirei fotos demais hoje, passo a câmera pra outro.",C:\Users\Debs\Casulo-Indie_GIT\4Seasons\Assets\_Sources\Dialogue\Yarn\Files\Praca.yarn,Fogos_De_Artificio,106,7634908c,
pt,line:0712856,Lucas: Ai eu não sei se sou muito bom nisso.,C:\Users\Debs\Casulo-Indie_GIT\4Seasons\Assets\_Sources\Dialogue\Yarn\Files\Praca.yarn,Fogos_De_Artificio,109,7b45b236,
pt,line:026a2c5,"Iris: Brina, tu gosta de tirar fotos também, pode ser tu?",C:\Users\Debs\Casulo-Indie_GIT\4Seasons\Assets\_Sources\Dialogue\Yarn\Files\Praca.yarn,Fogos_De_Artificio,112,9e23ff18,
pt,line:0107e4e,"Iris: Cara, eu adoro a praia, a vibe aqui é muito boa, tu não acha?",C:\Users\Debs\Casulo-Indie_GIT\4Seasons\Assets\_Sources\Dialogue\Yarn\Files\Praia.yarn,Praia,7,73358904,
pt,line:0cacb49,Sabrina: Não sou a maior fã.,C:\Users\Debs\Casulo-Indie_GIT\4Seasons\Assets\_Sources\Dialogue\Yarn\Files\Praia.yarn,Praia,9,52afbab2,Line metadata: emotion:Normal
pt,line:0d0165e,Sabrina: Pior que eu gosto bastante.,C:\Users\Debs\Casulo-Indie_GIT\4Seasons\Assets\_Sources\Dialogue\Yarn\Files\Praia.yarn,Praia,14,eb9ed63b,Line metadata: emotion:Happy
pt,line:0a96312,"Iris: Eu sinto que sou uma só com o mar às vezes, bizarro.",C:\Users\Debs\Casulo-Indie_GIT\4Seasons\Assets\_Sources\Dialogue\Yarn\Files\Praia.yarn,Praia,21,bcb2c428,
pt,line:0f28229,"Sabrina: É meio estranho, mas acho que te entendo.",C:\Users\Debs\Casulo-Indie_GIT\4Seasons\Assets\_Sources\Dialogue\Yarn\Files\Praia.yarn,Praia,24,3e8ceda0,
pt,line:05648d0,Iris: Tem uma beleza tão grande na natureza.,C:\Users\Debs\Casulo-Indie_GIT\4Seasons\Assets\_Sources\Dialogue\Yarn\Files\Praia.yarn,Praia,27,90d932ca,
pt,line:0b0b3b3,Iris: Tipo é muito incrível como tudo se conecta e funciona.,C:\Users\Debs\Casulo-Indie_GIT\4Seasons\Assets\_Sources\Dialogue\Yarn\Files\Praia.yarn,Praia,30,c2d71ee2,
pt,line:0332b9d,"Sabrina: Cê tá bem, Íris? Que papo é esse.",C:\Users\Debs\Casulo-Indie_GIT\4Seasons\Assets\_Sources\Dialogue\Yarn\Files\Praia.yarn,Praia,33,b0f2adc9,
pt,line:0c57bb8,Iris: Tô pensativa nos últimos dias.,C:\Users\Debs\Casulo-Indie_GIT\4Seasons\Assets\_Sources\Dialogue\Yarn\Files\Praia.yarn,Praia,36,f55523e9,
pt,line:0198448,"Iris: A bruxaria vem me deixando mais introspectiva, sabe?",C:\Users\Debs\Casulo-Indie_GIT\4Seasons\Assets\_Sources\Dialogue\Yarn\Files\Praia.yarn,Praia,39,48c88473,
pt,line:0d47e26,Iris: É como se eu estivesse mais atenta às coisas ao meu redor também.,C:\Users\Debs\Casulo-Indie_GIT\4Seasons\Assets\_Sources\Dialogue\Yarn\Files\Praia.yarn,Praia,42,10169676,
pt,line:0948c90,Sabrina: Faz quanto tempo mesmo que cê tá praticando?,C:\Users\Debs\Casulo-Indie_GIT\4Seasons\Assets\_Sources\Dialogue\Yarn\Files\Praia.yarn,Praia,45,caf4a321,
pt,line:0745045,"Iris: Um ano e pouquinho, comecei só de curiosa, mas faz sentido.",C:\Users\Debs\Casulo-Indie_GIT\4Seasons\Assets\_Sources\Dialogue\Yarn\Files\Praia.yarn,Praia,48,b5d68900,
pt,line:0ec7059,Iris: Parece que eu finalmente achei meu lugar no mundo.,C:\Users\Debs\Casulo-Indie_GIT\4Seasons\Assets\_Sources\Dialogue\Yarn\Files\Praia.yarn,Praia,51,8d6cd925,
pt,line:0063fc9,Sabrina: Como assim?,C:\Users\Debs\Casulo-Indie_GIT\4Seasons\Assets\_Sources\Dialogue\Yarn\Files\Praia.yarn,Praia,54,64da9e4d,
pt,line:0686ca3,"Iris: Difícil de explicar, mas eu me sinto muito deslocada.",C:\Users\Debs\Casulo-Indie_GIT\4Seasons\Assets\_Sources\Dialogue\Yarn\Files\Praia.yarn,Praia,57,d8517023,
pt,line:0c18282,Iris: Parece que agora eu vejo que o universo é grande demais.,C:\Users\Debs\Casulo-Indie_GIT\4Seasons\Assets\_Sources\Dialogue\Yarn\Files\Praia.yarn,Praia,60,3681666f,
pt,line:0c2f351,"Iris: Ficou mais leve, sinto que eu posso só existir sem tanta pressão.",C:\Users\Debs\Casulo-Indie_GIT\4Seasons\Assets\_Sources\Dialogue\Yarn\Files\Praia.yarn,Praia,63,5a8cc8de,
pt,line:09b3d39,"Sabrina: Queria conseguir me sentir assim, mas com a vida adulta chegando.",C:\Users\Debs\Casulo-Indie_GIT\4Seasons\Assets\_Sources\Dialogue\Yarn\Files\Praia.yarn,Praia,66,37b055ff,
pt,line:05f9951,Sabrina: Acho impossível não sentir a pressão.,C:\Users\Debs\Casulo-Indie_GIT\4Seasons\Assets\_Sources\Dialogue\Yarn\Files\Praia.yarn,Praia,69,397c289f,
pt,line:0c797be,Sabrina: Como cê consegue?,C:\Users\Debs\Casulo-Indie_GIT\4Seasons\Assets\_Sources\Dialogue\Yarn\Files\Praia.yarn,Praia,72,19411b07,
pt,line:04e9a8e,"Iris: Eu não tô imune de inseguranças, Brina.",C:\Users\Debs\Casulo-Indie_GIT\4Seasons\Assets\_Sources\Dialogue\Yarn\Files\Praia.yarn,Praia,75,d47c8f9e,
pt,line:0bf2148,Iris: Só percebi que tem coisas que eu não controlo.,C:\Users\Debs\Casulo-Indie_GIT\4Seasons\Assets\_Sources\Dialogue\Yarn\Files\Praia.yarn,Praia,78,c237d8d1,
pt,line:0b2ed81,Iris: Que não vale a pena me desgastar a toa.,C:\Users\Debs\Casulo-Indie_GIT\4Seasons\Assets\_Sources\Dialogue\Yarn\Files\Praia.yarn,Praia,81,c5635af5,
pt,line:0c7e5f3,Sabrina: Cê fala como se fosse fácil.,C:\Users\Debs\Casulo-Indie_GIT\4Seasons\Assets\_Sources\Dialogue\Yarn\Files\Praia.yarn,Praia,84,ffb0028e,
pt,line:02922c8,"Iris: Não é, mas a gente precisa ver as coisas mais leves.",C:\Users\Debs\Casulo-Indie_GIT\4Seasons\Assets\_Sources\Dialogue\Yarn\Files\Praia.yarn,Praia,87,7deee0b1,
pt,line:035f83a,"Iris: Se a gente levar tudo à sério, fica doido.",C:\Users\Debs\Casulo-Indie_GIT\4Seasons\Assets\_Sources\Dialogue\Yarn\Files\Praia.yarn,Praia,90,31eef3bf,
pt,line:0b60ddb,"Iris: Essa fase que a gente tá vivendo é difícil, mas a gente sobrevive.",C:\Users\Debs\Casulo-Indie_GIT\4Seasons\Assets\_Sources\Dialogue\Yarn\Files\Praia.yarn,Praia,93,cf9f2745,
pt,line:07d127f,Sabrina: Tenho minhas dúvidas.,C:\Users\Debs\Casulo-Indie_GIT\4Seasons\Assets\_Sources\Dialogue\Yarn\Files\Praia.yarn,Praia,96,1da9ac16,
pt,line:0999853,Sabrina: Cê não tá com medo não?,C:\Users\Debs\Casulo-Indie_GIT\4Seasons\Assets\_Sources\Dialogue\Yarn\Files\Praia.yarn,Praia,99,f671552d,
pt,line:0b1dcc0,"Iris: Com certeza, mas quero acreditar que vai dar certo.",C:\Users\Debs\Casulo-Indie_GIT\4Seasons\Assets\_Sources\Dialogue\Yarn\Files\Praia.yarn,Praia,102,bb39ace4,
pt,line:03ce82d,Sabrina: É difícil se manter positiva.,C:\Users\Debs\Casulo-Indie_GIT\4Seasons\Assets\_Sources\Dialogue\Yarn\Files\Praia.yarn,Praia,104,6b4dab40,Line metadata: emotion:Sad
pt,line:0e45e79,Sabrina: Uma hora tem que dar certo.,C:\Users\Debs\Casulo-Indie_GIT\4Seasons\Assets\_Sources\Dialogue\Yarn\Files\Praia.yarn,Praia,109,0a3ea8e7,Line metadata: emotion:Normal
pt,line:00bf853,"Iris: Pra tudo se tem um jeito, Brina.",C:\Users\Debs\Casulo-Indie_GIT\4Seasons\Assets\_Sources\Dialogue\Yarn\Files\Praia.yarn,Praia,116,2a290024,
pt,line:0def8ac,"Iris: Por agora, vamo relaxar.",C:\Users\Debs\Casulo-Indie_GIT\4Seasons\Assets\_Sources\Dialogue\Yarn\Files\Praia.yarn,Praia,119,7632eb65,
pt,line:0c3c5b3,Iris: Quer fumar um?,C:\Users\Debs\Casulo-Indie_GIT\4Seasons\Assets\_Sources\Dialogue\Yarn\Files\Praia.yarn,Praia,122,ba0c0164,
pt,line:05ea1bb,Sabrina: A gente tem dinheiro pra duas bebidas.,C:\Users\Debs\Casulo-Indie_GIT\4Seasons\Assets\_Sources\Dialogue\Yarn\Files\Shopping1.yarn,Start_Shopping,7,c7c04a1b,
pt,line:060184f,"Melissa: Ah, tudo bem. A gente sempre pode dividir.",C:\Users\Debs\Casulo-Indie_GIT\4Seasons\Assets\_Sources\Dialogue\Yarn\Files\Shopping1.yarn,Start_Shopping,10,91b6a20c,
pt,line:0a0fff0,Arabella: Ou roubar.,C:\Users\Debs\Casulo-Indie_GIT\4Seasons\Assets\_Sources\Dialogue\Yarn\Files\Shopping1.yarn,Start_Shopping,13,d4770354,
pt,line:0b96989,Melissa: Arabella!,C:\Users\Debs\Casulo-Indie_GIT\4Seasons\Assets\_Sources\Dialogue\Yarn\Files\Shopping1.yarn,Start_Shopping,16,85d39bc0,
pt,line:038c921,Arabella: O que? É verdade.,C:\Users\Debs\Casulo-Indie_GIT\4Seasons\Assets\_Sources\Dialogue\Yarn\Files\Shopping1.yarn,Start_Shopping,19,999dff41,
pt,line:0fd7424,Ian: Ela não tá errada.,C:\Users\Debs\Casulo-Indie_GIT\4Seasons\Assets\_Sources\Dialogue\Yarn\Files\Shopping1.yarn,Start_Shopping,22,c0ed50e1,
pt,line:0826400,"Ian: O mercado é dentro do shopping,",C:\Users\Debs\Casulo-Indie_GIT\4Seasons\Assets\_Sources\Dialogue\Yarn\Files\Shopping1.yarn,Start_Shopping,25,be02dc76,
pt,line:0d32fc7,Ian: Você acha mesmo que eles precisam de dinheiro?,C:\Users\Debs\Casulo-Indie_GIT\4Seasons\Assets\_Sources\Dialogue\Yarn\Files\Shopping1.yarn,Start_Shopping,28,9d786e07,
pt,line:0cdc144,Sabrina: Ainda é errado!,C:\Users\Debs\Casulo-Indie_GIT\4Seasons\Assets\_Sources\Dialogue\Yarn\Files\Shopping1.yarn,Start_Shopping,30,8d2d0a82,Line metadata: emotion:Angry
pt,line:0b2d59f,"Sabrina: Ele tem um ponto, mas eu não apoio a gente roubar.",C:\Users\Debs\Casulo-Indie_GIT\4Seasons\Assets\_Sources\Dialogue\Yarn\Files\Shopping1.yarn,Start_Shopping,35,4fa9d754,Line metadata: emotion:Normal
pt,line:02604fd,Melissa: Ninguém vai roubar nada!,C:\Users\Debs\Casulo-Indie_GIT\4Seasons\Assets\_Sources\Dialogue\Yarn\Files\Shopping1.yarn,Start_Shopping,42,e446efa5,
pt,line:06856ec,Melissa: A gente divide as bebidas e é isso!,C:\Users\Debs\Casulo-Indie_GIT\4Seasons\Assets\_Sources\Dialogue\Yarn\Files\Shopping1.yarn,Start_Shopping,45,85db151a,
pt,line:069e54a,"Arabella: Pelo menos vamo tomar algo bom, tipo uma cerveja.",C:\Users\Debs\Casulo-Indie_GIT\4Seasons\Assets\_Sources\Dialogue\Yarn\Files\Shopping1.yarn,Start_Shopping,48,fbd09408,
pt,line:0b4abf5,"Ian: Ah, não bella! Cerveja é ruim.",C:\Users\Debs\Casulo-Indie_GIT\4Seasons\Assets\_Sources\Dialogue\Yarn\Files\Shopping1.yarn,Start_Shopping,51,17bafd31,
pt,line:0e76d6d,"Ian: Se a gente vai beber que seja algo bom mesmo, tipo Ice.",C:\Users\Debs\Casulo-Indie_GIT\4Seasons\Assets\_Sources\Dialogue\Yarn\Files\Shopping1.yarn,Start_Shopping,54,33853258,
pt,line:0b909b3,Arabella: Lógico que era isso que cê ia querer.,C:\Users\Debs\Casulo-Indie_GIT\4Seasons\Assets\_Sources\Dialogue\Yarn\Files\Shopping1.yarn,Start_Shopping,57,758015fc,
pt,line:0cf3fbb,Sabrina: E como que a gente compraria essas coisas?,C:\Users\Debs\Casulo-Indie_GIT\4Seasons\Assets\_Sources\Dialogue\Yarn\Files\Shopping1.yarn,Start_Shopping,60,4a30f9f0,
pt,line:0118f04,"Sabrina: Não sei se cês lembram, mas ainda somos de menor.",C:\Users\Debs\Casulo-Indie_GIT\4Seasons\Assets\_Sources\Dialogue\Yarn\Files\Shopping1.yarn,Start_Shopping,63,c2d6a57d,
pt,line:05f0b07,Arabella: Eles nunca pedem pra olhar documento.,C:\Users\Debs\Casulo-Indie_GIT\4Seasons\Assets\_Sources\Dialogue\Yarn\Files\Shopping1.yarn,Start_Shopping,66,3994dbe7,
pt,line:0c1e3bf,Arabella: Se pedirem deixa comigo.,C:\Users\Debs\Casulo-Indie_GIT\4Seasons\Assets\_Sources\Dialogue\Yarn\Files\Shopping1.yarn,Start_Shopping,69,6e558d54,
pt,line:00baa01,Melissa: Tu ainda tem aquela identidade falsa?,C:\Users\Debs\Casulo-Indie_GIT\4Seasons\Assets\_Sources\Dialogue\Yarn\Files\Shopping1.yarn,Start_Shopping,72,900cba8d,
pt,line:01d28dc,"Melissa: Da última vez deu errado, lembra?",C:\Users\Debs\Casulo-Indie_GIT\4Seasons\Assets\_Sources\Dialogue\Yarn\Files\Shopping1.yarn,Start_Shopping,75,869b37ec,
pt,line:0e17d1f,Arabella: Eu fiz uma nova. Aquela tava um lixo mesmo.,C:\Users\Debs\Casulo-Indie_GIT\4Seasons\Assets\_Sources\Dialogue\Yarn\Files\Shopping1.yarn,Start_Shopping,78,93c59b5a,
pt,line:0c95f60,Melissa: Eu não acho uma boa ideia de qualquer forma.,C:\Users\Debs\Casulo-Indie_GIT\4Seasons\Assets\_Sources\Dialogue\Yarn\Files\Shopping1.yarn,Start_Shopping,81,630d3432,
pt,line:0205095,Ian: Não pode beber.,C:\Users\Debs\Casulo-Indie_GIT\4Seasons\Assets\_Sources\Dialogue\Yarn\Files\Shopping1.yarn,Start_Shopping,84,9cc26d6e,
pt,line:0faa5d8,Ian: Não pode roubar.,C:\Users\Debs\Casulo-Indie_GIT\4Seasons\Assets\_Sources\Dialogue\Yarn\Files\Shopping1.yarn,Start_Shopping,87,3e711208,
pt,line:0b6191e,Ian: Não pode nada!,C:\Users\Debs\Casulo-Indie_GIT\4Seasons\Assets\_Sources\Dialogue\Yarn\Files\Shopping1.yarn,Start_Shopping,90,0d6ee8a6,
pt,line:02be365,"Melissa: Para de graça, Ian!",C:\Users\Debs\Casulo-Indie_GIT\4Seasons\Assets\_Sources\Dialogue\Yarn\Files\Shopping1.yarn,Start_Shopping,93,87cb44b4,
pt,line:067a788,Arabella: Se a gente não vai beber o que cê quer tomar?,C:\Users\Debs\Casulo-Indie_GIT\4Seasons\Assets\_Sources\Dialogue\Yarn\Files\Shopping1.yarn,Start_Shopping,96,ec1c5e96,
pt,line:09795f9,Melissa: Pode ser um suco ou um refri se não tiver.,C:\Users\Debs\Casulo-Indie_GIT\4Seasons\Assets\_Sources\Dialogue\Yarn\Files\Shopping1.yarn,Start_Shopping,99,4840990f,
pt,line:0b02e17,Sabrina: Eu apoio um suquinho.,C:\Users\Debs\Casulo-Indie_GIT\4Seasons\Assets\_Sources\Dialogue\Yarn\Files\Shopping1.yarn,Start_Shopping,102,b3cb406f,
pt,line:06857f2,Arabella: Muito sem graça.,C:\Users\Debs\Casulo-Indie_GIT\4Seasons\Assets\_Sources\Dialogue\Yarn\Files\Shopping1.yarn,Start_Shopping,105,55e926b0,
pt,line:00d77ad,Sabrina: A gente sempre pode pegar algo com álcool e algo sem.,C:\Users\Debs\Casulo-Indie_GIT\4Seasons\Assets\_Sources\Dialogue\Yarn\Files\Shopping1.yarn,Start_Shopping,108,f91206b4,
pt,line:0427a15,Ian: Ou roubar,C:\Users\Debs\Casulo-Indie_GIT\4Seasons\Assets\_Sources\Dialogue\Yarn\Files\Shopping1.yarn,Start_Shopping,111,a6a41400,
pt,line:009cae7,Arabella: Ou roubar,C:\Users\Debs\Casulo-Indie_GIT\4Seasons\Assets\_Sources\Dialogue\Yarn\Files\Shopping1.yarn,Start_Shopping,114,1155fe6f,
pt,line:0616a32,Melissa: Parem com essa ideia idiota!,C:\Users\Debs\Casulo-Indie_GIT\4Seasons\Assets\_Sources\Dialogue\Yarn\Files\Shopping1.yarn,Start_Shopping,117,863c8cf0,
pt,line:021f361,Ian: Relaxa Mel.,C:\Users\Debs\Casulo-Indie_GIT\4Seasons\Assets\_Sources\Dialogue\Yarn\Files\Shopping1.yarn,Start_Shopping,120,1a1ea410,
pt,line:0e1d3af,Ian: É muito punk roubar de grandes corporações!,C:\Users\Debs\Casulo-Indie_GIT\4Seasons\Assets\_Sources\Dialogue\Yarn\Files\Shopping1.yarn,Start_Shopping,123,93c534f1,
pt,line:026d030,Ian: Não tem nada de errado em tirar dinheiro deles.,C:\Users\Debs\Casulo-Indie_GIT\4Seasons\Assets\_Sources\Dialogue\Yarn\Files\Shopping1.yarn,Start_Shopping,126,2f3e5f94,
pt,line:0ca239a,"Arabella: Ele tá certo, isso cê não pode negar.",C:\Users\Debs\Casulo-Indie_GIT\4Seasons\Assets\_Sources\Dialogue\Yarn\Files\Shopping1.yarn,Start_Shopping,129,2537c3a4,
pt,line:0cc368d,Melissa: Tá só vamos entrar e pegar as coisas logo.,C:\Users\Debs\Casulo-Indie_GIT\4Seasons\Assets\_Sources\Dialogue\Yarn\Files\Shopping1.yarn,Start_Shopping,132,c6e26532,
pt,line:0ebf180,Iris: Oi! Que bom te ver.,C:\Users\Debs\Casulo-Indie_GIT\4Seasons\Assets\_Sources\Dialogue\Yarn\Files\TestEmotions.yarn,Variables_Yarn,13,327a4838,
pt,line:0e52c3d,Iris: Hoje eu tô muito animada!,C:\Users\Debs\Casulo-Indie_GIT\4Seasons\Assets\_Sources\Dialogue\Yarn\Files\TestEmotions.yarn,Variables_Yarn,16,06c4c51c,
pt,line:0151054,Ian: Você viu a Melissa por aí?,C:\Users\Debs\Casulo-Indie_GIT\4Seasons\Assets\_Sources\Dialogue\Yarn\Files\TestEmotions.yarn,Variables_Yarn,20,0bc80649,
pt,line:0031dcb,"Iris: E aí, o que você quer fazer?",C:\Users\Debs\Casulo-Indie_GIT\4Seasons\Assets\_Sources\Dialogue\Yarn\Files\TestEmotions.yarn,EscolhaTeste,29,27f66abd,Line metadata: lastline
pt,line:0cda14d,Ir para o shopping.,C:\Users\Debs\Casulo-Indie_GIT\4Seasons\Assets\_Sources\Dialogue\Yarn\Files\TestEmotions.yarn,EscolhaTeste,31,3b23d400,
pt,line:04c2890,"Iris: Boa, vamos gastar um pouco!",C:\Users\Debs\Casulo-Indie_GIT\4Seasons\Assets\_Sources\Dialogue\Yarn\Files\TestEmotions.yarn,EscolhaTeste,33,ca22de04,
pt,line:0c86689,Ficar em casa.,C:\Users\Debs\Casulo-Indie_GIT\4Seasons\Assets\_Sources\Dialogue\Yarn\Files\TestEmotions.yarn,EscolhaTeste,36,177b5cdf,
pt,line:0b22ae6,"Iris: Tudo bem, às vezes é bom descansar.",C:\Users\Debs\Casulo-Indie_GIT\4Seasons\Assets\_Sources\Dialogue\Yarn\Files\TestEmotions.yarn,EscolhaTeste,38,4a33a11f,
pt,line:0f8d30c,Ir pra praça.,C:\Users\Debs\Casulo-Indie_GIT\4Seasons\Assets\_Sources\Dialogue\Yarn\Files\TestEmotions.yarn,EscolhaTeste,41,51bd3d37,
pt,line:06da872,Iris: Adoro a praça nessa época!,C:\Users\Debs\Casulo-Indie_GIT\4Seasons\Assets\_Sources\Dialogue\Yarn\Files\TestEmotions.yarn,EscolhaTeste,43,77836fbc,
pt,line:0d2cf74,Iris: Então tá combinado!,C:\Users\Debs\Casulo-Indie_GIT\4Seasons\Assets\_Sources\Dialogue\Yarn\Files\TestEmotions.yarn,DepoisDaEscolha,51,cf12c159,
